Id;id_lot;nb_piece;typologie;prix_tva_reduite;prix_tva_normale;prix_HT;prix_m2_HT;prix_m2_TTC;orientation;exterieur;balcony;garden;parking;ville;departement;date_fin_programme;adresse_entiere;date_extraction
0;59_0_L'alcve_Bouygues;3;Appartement;178823;203400.5687;169500.47;2849.71;3419.65;N;False;False;False;1;Clermont-Ferrand;63;aout 2023;91 RUE DE LA GANTIERE 63000 Clermont-Ferrand;21/07/2021
1;59_2_L'alcve_Bouygues;3;Appartement;183218;208399.6209;173666.35;2919.74;3503.69;N;False;True;False;1;Clermont-Ferrand;63;aout 2023;91 RUE DE LA GANTIERE 63000 Clermont-Ferrand;21/07/2021
2;63_1_L'alcve_Bouygues;3;Appartement;190340;216500.4739;180417.06;2832.74;3399.29;S;False;True;False;1;Clermont-Ferrand;63;aout 2023;91 RUE DE LA GANTIERE 63000 Clermont-Ferrand;21/07/2021
3;63_1__1_L'alcve_Bouygues;3;Appartement;192098;218500.0948;182083.41;2876.06;3451.27;SO;False;True;False;1;Clermont-Ferrand;63;aout 2023;91 RUE DE LA GANTIERE 63000 Clermont-Ferrand;21/07/2021
4;59_3_L'alcve_Bouygues;3;Appartement;192098;218500.0948;182083.41;3061.25;3673.51;N;False;True;False;1;Clermont-Ferrand;63;aout 2023;91 RUE DE LA GANTIERE 63000 Clermont-Ferrand;21/07/2021
5;63_2_L'alcve_Bouygues;3;Appartement;194296;221000.1896;184166.82;2891.61;3469.94;S;False;True;False;1;Clermont-Ferrand;63;aout 2023;91 RUE DE LA GANTIERE 63000 Clermont-Ferrand;21/07/2021
6;85_4_L'alcve_Bouygues;4;Appartement;297598;338500.0948;282083.41;3315.9;3979.08;Vue privilégiée;True;False;False;1;Clermont-Ferrand;63;aout 2023;91 RUE DE LA GANTIERE 63000 Clermont-Ferrand;21/07/2021
7;48_LesBucoliques_Bouygues;2;Maison;;143000;119166.67;2439.94;2927.93;NO;True;False;False;1;Cournon-d'Auvergne;63;fevrier 2023;RUE DE L'AMOURETTE 63800 Cournon-d'Auvergne;21/07/2021
8;48__1_LesBucoliques_Bouygues;2;Maison;;146000;121666.67;2491.13;2989.35;NO;True;False;False;1;Cournon-d'Auvergne;63;fevrier 2023;RUE DE L'AMOURETTE 63800 Cournon-d'Auvergne;21/07/2021
9;46_2_LesBucoliques_Bouygues;2;Appartement;;156000;130000;2816.29;3379.55;SE;False;False;False;1;Cournon-d'Auvergne;63;fevrier 2023;RUE DE L'AMOURETTE 63800 Cournon-d'Auvergne;21/07/2021
10;64_1_LesBucoliques_Bouygues;3;Appartement;;175000;145833.33;2251.9;2702.29;NO;False;False;False;1;Cournon-d'Auvergne;63;fevrier 2023;RUE DE L'AMOURETTE 63800 Cournon-d'Auvergne;21/07/2021
11;62_1_LesBucoliques_Bouygues;3;Appartement;;177000;147500;2379.03;2854.84;SO;False;False;False;1;Cournon-d'Auvergne;63;fevrier 2023;RUE DE L'AMOURETTE 63800 Cournon-d'Auvergne;21/07/2021
12;68_1_LesBucoliques_Bouygues;3;Appartement;;186000;155000;2279.41;2735.29;NE;False;False;False;1;Cournon-d'Auvergne;63;fevrier 2023;RUE DE L'AMOURETTE 63800 Cournon-d'Auvergne;21/07/2021
13;68_1__1_LesBucoliques_Bouygues;3;Appartement;;190000;158333.33;2312.11;2774.53;NE;False;False;False;1;Cournon-d'Auvergne;63;fevrier 2023;RUE DE L'AMOURETTE 63800 Cournon-d'Auvergne;21/07/2021
14;64_2_LesBucoliques_Bouygues;3;Appartement;;191000;159166.67;2457.79;2949.35;NO;False;False;False;1;Cournon-d'Auvergne;63;fevrier 2023;RUE DE L'AMOURETTE 63800 Cournon-d'Auvergne;21/07/2021
15;68_LesBucoliques_Bouygues;3;Maison;;195000;162500;2380.25;2856.31;SO;False;False;False;1;Cournon-d'Auvergne;63;fevrier 2023;RUE DE L'AMOURETTE 63800 Cournon-d'Auvergne;21/07/2021
16;68_1__2_LesBucoliques_Bouygues;3;Appartement;;195000;162500;2380.25;2856.31;SO;False;False;False;1;Cournon-d'Auvergne;63;fevrier 2023;RUE DE L'AMOURETTE 63800 Cournon-d'Auvergne;21/07/2021
17;72_1_LesBucoliques_Bouygues;3;Appartement;;201000;167500;2325.42;2790.5;SO;False;False;False;1;Cournon-d'Auvergne;63;fevrier 2023;RUE DE L'AMOURETTE 63800 Cournon-d'Auvergne;21/07/2021
18;72_1__1_LesBucoliques_Bouygues;3;Appartement;;202000;168333.33;2336.99;2804.39;SO;False;False;False;1;Cournon-d'Auvergne;63;fevrier 2023;RUE DE L'AMOURETTE 63800 Cournon-d'Auvergne;21/07/2021
19;66_LesBucoliques_Bouygues;3;Maison;;203000;169166.67;2537.37;3044.85;SO;False;False;False;1;Cournon-d'Auvergne;63;fevrier 2023;RUE DE L'AMOURETTE 63800 Cournon-d'Auvergne;21/07/2021
20;68_2_LesBucoliques_Bouygues;3;Appartement;;204000;170000;2490.11;2988.14;SO;False;False;False;1;Cournon-d'Auvergne;63;fevrier 2023;RUE DE L'AMOURETTE 63800 Cournon-d'Auvergne;21/07/2021
21;72_1__2_LesBucoliques_Bouygues;3;Appartement;;204000;170000;2360.13;2832.15;SO;False;False;False;1;Cournon-d'Auvergne;63;fevrier 2023;RUE DE L'AMOURETTE 63800 Cournon-d'Auvergne;21/07/2021
22;62_3_LesBucoliques_Bouygues;3;Appartement;;206000;171666.67;2737.47;3284.96;SO;False;False;False;1;Cournon-d'Auvergne;63;fevrier 2023;RUE DE L'AMOURETTE 63800 Cournon-d'Auvergne;21/07/2021
23;72_LesBucoliques_Bouygues;3;Maison;;206000;171666.67;2360.33;2832.39;SO;False;False;False;1;Cournon-d'Auvergne;63;fevrier 2023;RUE DE L'AMOURETTE 63800 Cournon-d'Auvergne;21/07/2021
24;75_1_LesBucoliques_Bouygues;3;Appartement;;210000;175000;2319.11;2782.93;SO;False;False;False;1;Cournon-d'Auvergne;63;fevrier 2023;RUE DE L'AMOURETTE 63800 Cournon-d'Auvergne;21/07/2021
25;61_2_LesBucoliques_Bouygues;3;Appartement;;212000;176666.67;2862.85;3435.42;NE;False;False;False;1;Cournon-d'Auvergne;63;fevrier 2023;RUE DE L'AMOURETTE 63800 Cournon-d'Auvergne;21/07/2021
26;60_3_LesBucoliques_Bouygues;3;Appartement;;212000;176666.67;2909.05;3490.86;SO;False;False;False;1;Cournon-d'Auvergne;63;fevrier 2023;RUE DE L'AMOURETTE 63800 Cournon-d'Auvergne;21/07/2021
27;67_2_LesBucoliques_Bouygues;3;Appartement;;213000;177500;2619.93;3143.91;SE;False;False;False;1;Cournon-d'Auvergne;63;fevrier 2023;RUE DE L'AMOURETTE 63800 Cournon-d'Auvergne;21/07/2021
28;78_1_LesBucoliques_Bouygues;4;Appartement;;213000;177500;2275.64;2730.77;SE;False;False;False;1;Cournon-d'Auvergne;63;fevrier 2023;RUE DE L'AMOURETTE 63800 Cournon-d'Auvergne;21/07/2021
29;59_3_LesBucoliques_Bouygues;3;Appartement;;217000;180833.33;3039.22;3647.06;O;False;False;False;1;Cournon-d'Auvergne;63;fevrier 2023;RUE DE L'AMOURETTE 63800 Cournon-d'Auvergne;21/07/2021
30;82_LesBucoliques_Bouygues;4;Maison;;218000;181666.67;2215.45;2658.54;SE;False;False;False;1;Cournon-d'Auvergne;63;fevrier 2023;RUE DE L'AMOURETTE 63800 Cournon-d'Auvergne;21/07/2021
31;81_1_LesBucoliques_Bouygues;4;Appartement;;218000;181666.67;2219.51;2663.41;NE;False;False;False;1;Cournon-d'Auvergne;63;fevrier 2023;RUE DE L'AMOURETTE 63800 Cournon-d'Auvergne;21/07/2021
32;84_LesBucoliques_Bouygues;4;Maison;;221000;184166.67;2192.46;2630.95;SE;False;False;False;1;Cournon-d'Auvergne;63;fevrier 2023;RUE DE L'AMOURETTE 63800 Cournon-d'Auvergne;21/07/2021
33;71_2_LesBucoliques_Bouygues;3;Appartement;;221000;184166.67;2572.52;3087.02;SO;False;False;False;1;Cournon-d'Auvergne;63;fevrier 2023;RUE DE L'AMOURETTE 63800 Cournon-d'Auvergne;21/07/2021
34;72_2_LesBucoliques_Bouygues;3;Appartement;;221000;184166.67;2556.81;3068.17;SO;False;False;False;1;Cournon-d'Auvergne;63;fevrier 2023;RUE DE L'AMOURETTE 63800 Cournon-d'Auvergne;21/07/2021
35;72_2__1_LesBucoliques_Bouygues;3;Appartement;;222000;185000;2568.37;3082.05;SO;False;False;False;1;Cournon-d'Auvergne;63;fevrier 2023;RUE DE L'AMOURETTE 63800 Cournon-d'Auvergne;21/07/2021
36;75_2_LesBucoliques_Bouygues;3;Appartement;;229000;190833.33;2528.93;3034.72;SO;False;False;False;1;Cournon-d'Auvergne;63;fevrier 2023;RUE DE L'AMOURETTE 63800 Cournon-d'Auvergne;21/07/2021
37;71_LesBucoliques_Bouygues;3;Maison;;231000;192500;2688.92;3226.71;SO;False;False;False;1;Cournon-d'Auvergne;63;fevrier 2023;RUE DE L'AMOURETTE 63800 Cournon-d'Auvergne;21/07/2021
38;72__1_LesBucoliques_Bouygues;3;Maison;;232000;193333.33;2684.07;3220.88;SO;False;False;False;1;Cournon-d'Auvergne;63;fevrier 2023;RUE DE L'AMOURETTE 63800 Cournon-d'Auvergne;21/07/2021
39;72_3_LesBucoliques_Bouygues;3;Appartement;;232000;193333.33;2684.07;3220.88;SO;False;False;False;1;Cournon-d'Auvergne;63;fevrier 2023;RUE DE L'AMOURETTE 63800 Cournon-d'Auvergne;21/07/2021
40;82__1_LesBucoliques_Bouygues;4;Maison;;233000;194166.67;2344.44;2813.33;SE;False;False;False;1;Cournon-d'Auvergne;63;fevrier 2023;RUE DE L'AMOURETTE 63800 Cournon-d'Auvergne;21/07/2021
41;89_LesBucoliques_Bouygues;4;Maison;;239000;199166.67;2227.57;2673.08;NO;True;False;False;1;Cournon-d'Auvergne;63;fevrier 2023;RUE DE L'AMOURETTE 63800 Cournon-d'Auvergne;21/07/2021
42;87_1_LesBucoliques_Bouygues;4;Appartement;;239000;199166.67;2265.32;2718.38;SO;False;False;False;1;Cournon-d'Auvergne;63;fevrier 2023;RUE DE L'AMOURETTE 63800 Cournon-d'Auvergne;21/07/2021
43;75_3_LesBucoliques_Bouygues;3;Appartement;;239000;199166.67;2639.37;3167.24;SO;False;False;False;1;Cournon-d'Auvergne;63;fevrier 2023;RUE DE L'AMOURETTE 63800 Cournon-d'Auvergne;21/07/2021
44;88_1_LesBucoliques_Bouygues;4;Appartement;;239000;199166.67;2255.06;2706.07;SO;False;False;False;1;Cournon-d'Auvergne;63;fevrier 2023;RUE DE L'AMOURETTE 63800 Cournon-d'Auvergne;21/07/2021
45;89_1_LesBucoliques_Bouygues;4;Appartement;;240000;200000;2222.47;2666.96;NO;False;False;True;1;Cournon-d'Auvergne;63;fevrier 2023;RUE DE L'AMOURETTE 63800 Cournon-d'Auvergne;21/07/2021
46;87_LesBucoliques_Bouygues;4;Maison;;240000;200000;2274.8;2729.75;SO;False;False;False;1;Cournon-d'Auvergne;63;fevrier 2023;RUE DE L'AMOURETTE 63800 Cournon-d'Auvergne;21/07/2021
47;82_2_LesBucoliques_Bouygues;4;Appartement;;242000;201666.67;2459.35;2951.22;SE;False;False;False;1;Cournon-d'Auvergne;63;fevrier 2023;RUE DE L'AMOURETTE 63800 Cournon-d'Auvergne;21/07/2021
48;78_2_LesBucoliques_Bouygues;4;Appartement;;249000;207500;2660.26;3192.31;SE;False;False;False;1;Cournon-d'Auvergne;63;fevrier 2023;RUE DE L'AMOURETTE 63800 Cournon-d'Auvergne;21/07/2021
49;89_1__1_LesBucoliques_Bouygues;4;Appartement;;250000;208333.33;2315.07;2778.09;NO;False;False;True;1;Cournon-d'Auvergne;63;fevrier 2023;RUE DE L'AMOURETTE 63800 Cournon-d'Auvergne;21/07/2021
50;89_1__2_LesBucoliques_Bouygues;4;Appartement;;250000;208333.33;2315.07;2778.09;NO;False;False;True;1;Cournon-d'Auvergne;63;fevrier 2023;RUE DE L'AMOURETTE 63800 Cournon-d'Auvergne;21/07/2021
51;87_2_LesBucoliques_Bouygues;4;Appartement;;250000;208333.33;2369.58;2843.49;SO;False;False;False;1;Cournon-d'Auvergne;63;fevrier 2023;RUE DE L'AMOURETTE 63800 Cournon-d'Auvergne;21/07/2021
52;89__1_LesBucoliques_Bouygues;4;Maison;;255000;212500;2376.69;2852.03;NO;True;False;False;1;Cournon-d'Auvergne;63;fevrier 2023;RUE DE L'AMOURETTE 63800 Cournon-d'Auvergne;21/07/2021
53;89_1__3_LesBucoliques_Bouygues;4;Appartement;;255000;212500;2361.37;2833.65;NO;False;False;True;1;Cournon-d'Auvergne;63;fevrier 2023;RUE DE L'AMOURETTE 63800 Cournon-d'Auvergne;21/07/2021
54;87__1_LesBucoliques_Bouygues;4;Maison;;257000;214166.67;2435.93;2923.11;SO;False;False;False;1;Cournon-d'Auvergne;63;fevrier 2023;RUE DE L'AMOURETTE 63800 Cournon-d'Auvergne;21/07/2021
55;89__2_LesBucoliques_Bouygues;4;Maison;;259000;215833.33;2413.97;2896.77;NO;True;False;False;1;Cournon-d'Auvergne;63;fevrier 2023;RUE DE L'AMOURETTE 63800 Cournon-d'Auvergne;21/07/2021
56;90_LesBucoliques_Bouygues;4;Maison;;260000;216666.67;2398.35;2878.02;SE;True;False;True;0;Cournon-d'Auvergne;63;fevrier 2023;RUE DE L'AMOURETTE 63800 Cournon-d'Auvergne;21/07/2021
57;97_LesBucoliques_Bouygues;4;Maison;;264000;220000;2246.5;2695.8;SE;True;False;True;0;Cournon-d'Auvergne;63;fevrier 2023;RUE DE L'AMOURETTE 63800 Cournon-d'Auvergne;21/07/2021
58;90__1_LesBucoliques_Bouygues;4;Maison;;265000;220833.33;2444.47;2933.36;SE;True;False;True;0;Cournon-d'Auvergne;63;fevrier 2023;RUE DE L'AMOURETTE 63800 Cournon-d'Auvergne;21/07/2021
59;90__2_LesBucoliques_Bouygues;4;Maison;;268000;223333.33;2472.14;2966.57;SE;True;False;True;0;Cournon-d'Auvergne;63;fevrier 2023;RUE DE L'AMOURETTE 63800 Cournon-d'Auvergne;21/07/2021
60;97__1_LesBucoliques_Bouygues;4;Maison;;274000;228333.33;2331.6;2797.92;SE;True;False;True;0;Cournon-d'Auvergne;63;fevrier 2023;RUE DE L'AMOURETTE 63800 Cournon-d'Auvergne;21/07/2021
61;87_2__1_LesBucoliques_Bouygues;4;Appartement;;275000;229166.67;2606.54;3127.84;SO;False;False;False;1;Cournon-d'Auvergne;63;fevrier 2023;RUE DE L'AMOURETTE 63800 Cournon-d'Auvergne;21/07/2021
62;97__2_LesBucoliques_Bouygues;4;Maison;;277000;230833.33;2357.13;2828.55;SE;True;False;True;0;Cournon-d'Auvergne;63;fevrier 2023;RUE DE L'AMOURETTE 63800 Cournon-d'Auvergne;21/07/2021
63;97__3_LesBucoliques_Bouygues;4;Maison;;290000;241666.67;2467.75;2961.3;SE;True;False;True;0;Cournon-d'Auvergne;63;fevrier 2023;RUE DE L'AMOURETTE 63800 Cournon-d'Auvergne;21/07/2021
64;85_3_LesBucoliques_Bouygues;4;Appartement;;320000;266666.67;3102.22;3722.66;SO;False;False;False;1;Cournon-d'Auvergne;63;fevrier 2023;RUE DE L'AMOURETTE 63800 Cournon-d'Auvergne;21/07/2021
65;32_3_Caract'R_Bouygues;1;Appartement;;165900;138250;4220.09;5064.1;S;False;False;False;1;Chamalières;63;nov-23;23-25 rue de l'écorchade 63400 Chamalières;21/07/2021
66;38_3_Caract'R_Bouygues;2;Appartement;;182500;152083.33;3916.65;4699.97;N;False;False;False;1;Chamalières;63;nov-23;23-25 rue de l'écorchade 63400 Chamalières;21/07/2021
67;39_3_Caract'R_Bouygues;2;Appartement;;187500;156250;3907.23;4688.67;N;False;False;False;1;Chamalières;63;nov-23;23-25 rue de l'écorchade 63400 Chamalières;21/07/2021
68;41_3_Caract'R_Bouygues;2;Appartement;;194500;162083.33;3890.62;4668.75;S;False;False;False;1;Chamalières;63;nov-23;23-25 rue de l'écorchade 63400 Chamalières;21/07/2021
69;45_1_Caract'R_Bouygues;2;Appartement;;195500;162916.67;3620.37;4344.44;E;False;False;False;1;Chamalières;63;nov-23;23-25 rue de l'écorchade 63400 Chamalières;21/07/2021
70;41_Caract'R_Bouygues;2;Maison;;198500;165416.67;4009.13;4810.95;E;False;False;False;1;Chamalières;63;nov-23;23-25 rue de l'écorchade 63400 Chamalières;21/07/2021
71;45_2_Caract'R_Bouygues;2;Appartement;;200500;167083.33;3712.96;4455.56;E;False;False;False;1;Chamalières;63;nov-23;23-25 rue de l'écorchade 63400 Chamalières;21/07/2021
72;61_1_Caract'R_Bouygues;3;Appartement;;257500;214583.33;3476.16;4171.39;O;False;False;False;1;Chamalières;63;nov-23;23-25 rue de l'écorchade 63400 Chamalières;21/07/2021
73;75_Caract'R_Bouygues;3;Maison;;305000;254166.67;3350.91;4021.09;NE;False;False;False;1;Chamalières;63;nov-23;23-25 rue de l'écorchade 63400 Chamalières;21/07/2021
74;87_Caract'R_Bouygues;4;Maison;;356500;297083.33;3378.25;4053.9;E;False;False;False;1;Chamalières;63;nov-23;23-25 rue de l'écorchade 63400 Chamalières;21/07/2021
75;117_3_Caract'R_Bouygues;4;Appartement;;565500;471250;4000.08;4800.1;SE;False;False;False;1;Chamalières;63;nov-23;23-25 rue de l'écorchade 63400 Chamalières;21/07/2021
76;106_4_Caract'R_Bouygues;5;Appartement;;567500;472916.67;4461.48;5353.77;NO;False;False;False;1;Chamalières;63;nov-23;23-25 rue de l'écorchade 63400 Chamalières;21/07/2021
77;72_6_PRISMEBtimentF_Bouygues;3;Appartement;;302300;251916.67;3494.96;4193.95;NE;False;False;False;1;Clermont-Ferrand;63;nov-22;131 BOULEVARD LAFAYETTE 63000 Clermont-Ferrand;21/07/2021
78;71_6_PRISMEBtimentF_Bouygues;3;Appartement;;304100;253416.67;3561.22;4273.47;N;False;False;False;1;Clermont-Ferrand;63;nov-22;131 BOULEVARD LAFAYETTE 63000 Clermont-Ferrand;21/07/2021
79;85_5_PRISMEBtimentF_Bouygues;4;Appartement;;376500;313750;3662.31;4394.77;NE;False;False;False;1;Clermont-Ferrand;63;nov-22;131 BOULEVARD LAFAYETTE 63000 Clermont-Ferrand;21/07/2021
80;85_5__1_PRISMEBtimentF_Bouygues;4;Appartement;;378600;315500;3687.04;4424.45;SO;False;False;False;1;Clermont-Ferrand;63;nov-22;131 BOULEVARD LAFAYETTE 63000 Clermont-Ferrand;21/07/2021
81;23_1_PLURI'ELLES_Bouygues;1;Appartement;;87000;72500;3098.29;3717.95;S;False;False;False;0;Clermont-Ferrand;63;nov-23;36 RUE DES CHANDIOTS 63100 Clermont-Ferrand;21/07/2021
82;23_2_PLURI'ELLES_Bouygues;1;Appartement;;87000;72500;3098.29;3717.95;S;False;False;False;0;Clermont-Ferrand;63;nov-23;36 RUE DES CHANDIOTS 63100 Clermont-Ferrand;21/07/2021
83;32_2_PLURI'ELLES_Bouygues;1;Appartement;;118000;98333.33;3048.15;3657.78;E;False;False;False;0;Clermont-Ferrand;63;nov-23;36 RUE DES CHANDIOTS 63100 Clermont-Ferrand;21/07/2021
84;35_1_PLURI'ELLES_Bouygues;1;Appartement;;125000;104166.67;2921.11;3505.33;O;False;False;False;0;Clermont-Ferrand;63;nov-23;36 RUE DES CHANDIOTS 63100 Clermont-Ferrand;21/07/2021
85;35_3_PLURI'ELLES_Bouygues;1;Appartement;;131000;109166.67;3061.32;3673.58;O;False;False;False;0;Clermont-Ferrand;63;nov-23;36 RUE DES CHANDIOTS 63100 Clermont-Ferrand;21/07/2021
86;44_PLURI'ELLES_Bouygues;2;Appartement;;147000;122500;2728.29;3273.94;E;False;False;False;0;Clermont-Ferrand;63;nov-23;36 RUE DES CHANDIOTS 63100 Clermont-Ferrand;21/07/2021
87;42_1_PLURI'ELLES_Bouygues;2;Appartement;;159000;132500;3106.68;3728.02;O;False;False;False;0;Clermont-Ferrand;63;nov-23;36 RUE DES CHANDIOTS 63100 Clermont-Ferrand;21/07/2021
88;47_1_PLURI'ELLES_Bouygues;2;Appartement;;161000;134166.67;2799.81;3359.77;E;False;False;False;0;Clermont-Ferrand;63;nov-23;36 RUE DES CHANDIOTS 63100 Clermont-Ferrand;21/07/2021
89;43_1_PLURI'ELLES_Bouygues;2;Appartement;;161000;134166.67;3064.57;3677.48;S;False;False;False;0;Clermont-Ferrand;63;nov-23;36 RUE DES CHANDIOTS 63100 Clermont-Ferrand;21/07/2021
90;43_2_PLURI'ELLES_Bouygues;2;Appartement;;161000;134166.67;3064.57;3677.48;S;False;False;False;0;Clermont-Ferrand;63;nov-23;36 RUE DES CHANDIOTS 63100 Clermont-Ferrand;21/07/2021
91;44_1_PLURI'ELLES_Bouygues;2;Appartement;;162000;135000;3030.98;3637.18;E;False;False;False;0;Clermont-Ferrand;63;nov-23;36 RUE DES CHANDIOTS 63100 Clermont-Ferrand;21/07/2021
92;44_1__1_PLURI'ELLES_Bouygues;2;Appartement;;163000;135833.33;3028.61;3634.34;N;False;False;False;0;Clermont-Ferrand;63;nov-23;36 RUE DES CHANDIOTS 63100 Clermont-Ferrand;21/07/2021
93;44_2_PLURI'ELLES_Bouygues;2;Appartement;;163000;135833.33;3028.61;3634.34;N;False;False;False;0;Clermont-Ferrand;63;nov-23;36 RUE DES CHANDIOTS 63100 Clermont-Ferrand;21/07/2021
94;42_3_PLURI'ELLES_Bouygues;2;Appartement;;167000;139166.67;3262.99;3915.59;O;False;False;False;0;Clermont-Ferrand;63;nov-23;36 RUE DES CHANDIOTS 63100 Clermont-Ferrand;21/07/2021
95;42_2_PLURI'ELLES_Bouygues;2;Appartement;;170000;141666.67;3310.74;3972.89;E;False;False;False;0;Clermont-Ferrand;63;nov-23;36 RUE DES CHANDIOTS 63100 Clermont-Ferrand;21/07/2021
96;44__1_PLURI'ELLES_Bouygues;2;Appartement;;171000;142500;3177.26;3812.71;O;False;False;False;1;Clermont-Ferrand;63;nov-23;36 RUE DES CHANDIOTS 63100 Clermont-Ferrand;21/07/2021
97;44_2__1_PLURI'ELLES_Bouygues;2;Appartement;;171000;142500;3199.37;3839.25;E;False;False;False;0;Clermont-Ferrand;63;nov-23;36 RUE DES CHANDIOTS 63100 Clermont-Ferrand;21/07/2021
98;47_2_PLURI'ELLES_Bouygues;2;Appartement;;184000;153333.33;3199.78;3839.73;E;False;False;False;1;Clermont-Ferrand;63;nov-23;36 RUE DES CHANDIOTS 63100 Clermont-Ferrand;21/07/2021
99;47_3_PLURI'ELLES_Bouygues;2;Appartement;;195000;162500;3403.85;4084.63;E;False;False;False;1;Clermont-Ferrand;63;nov-23;36 RUE DES CHANDIOTS 63100 Clermont-Ferrand;21/07/2021
100;44_4_PLURI'ELLES_Bouygues;2;Appartement;;199000;165833.33;3726.59;4471.91;E;False;False;False;1;Clermont-Ferrand;63;nov-23;36 RUE DES CHANDIOTS 63100 Clermont-Ferrand;21/07/2021
101;61_1_PLURI'ELLES_Bouygues;3;Appartement;;205000;170833.33;2770.57;3324.68;E;False;False;False;1;Clermont-Ferrand;63;nov-23;36 RUE DES CHANDIOTS 63100 Clermont-Ferrand;21/07/2021
102;63_PLURI'ELLES_Bouygues;3;Appartement;;219000;182500;2885.38;3462.45;E;False;False;False;1;Clermont-Ferrand;63;nov-23;36 RUE DES CHANDIOTS 63100 Clermont-Ferrand;21/07/2021
103;63_1_PLURI'ELLES_Bouygues;3;Appartement;;219000;182500;2885.38;3462.45;S;False;False;False;1;Clermont-Ferrand;63;nov-23;36 RUE DES CHANDIOTS 63100 Clermont-Ferrand;21/07/2021
104;66_1_PLURI'ELLES_Bouygues;3;Appartement;;224000;186666.67;2826.14;3391.37;S;False;False;False;1;Clermont-Ferrand;63;nov-23;36 RUE DES CHANDIOTS 63100 Clermont-Ferrand;21/07/2021
105;61_2_PLURI'ELLES_Bouygues;3;Appartement;;227000;189166.67;3067.9;3681.48;E;False;False;False;1;Clermont-Ferrand;63;nov-23;36 RUE DES CHANDIOTS 63100 Clermont-Ferrand;21/07/2021
106;63_2_PLURI'ELLES_Bouygues;3;Appartement;;231000;192500;3043.48;3652.17;S;False;False;False;1;Clermont-Ferrand;63;nov-23;36 RUE DES CHANDIOTS 63100 Clermont-Ferrand;21/07/2021
107;66_PLURI'ELLES_Bouygues;3;Appartement;;236000;196666.67;2977.54;3573.05;SE;False;False;False;1;Clermont-Ferrand;63;nov-23;36 RUE DES CHANDIOTS 63100 Clermont-Ferrand;21/07/2021
108;66_2_PLURI'ELLES_Bouygues;3;Appartement;;236000;196666.67;2977.54;3573.05;S;False;False;False;1;Clermont-Ferrand;63;nov-23;36 RUE DES CHANDIOTS 63100 Clermont-Ferrand;21/07/2021
109;61_3_PLURI'ELLES_Bouygues;3;Appartement;;238000;198333.33;3216.56;3859.88;E;False;False;False;1;Clermont-Ferrand;63;nov-23;36 RUE DES CHANDIOTS 63100 Clermont-Ferrand;21/07/2021
110;62_3_PLURI'ELLES_Bouygues;3;Appartement;;242000;201666.67;3231.84;3878.21;S;False;False;False;1;Clermont-Ferrand;63;nov-23;36 RUE DES CHANDIOTS 63100 Clermont-Ferrand;21/07/2021
111;63_3_PLURI'ELLES_Bouygues;3;Appartement;;254000;211666.67;3311.95;3974.34;NE;False;False;False;1;Clermont-Ferrand;63;nov-23;36 RUE DES CHANDIOTS 63100 Clermont-Ferrand;21/07/2021
112;84_4_PLURI'ELLES_Bouygues;4;Appartement;;359000;299166.67;3556.85;4268.22;O;False;False;False;1;Clermont-Ferrand;63;nov-23;36 RUE DES CHANDIOTS 63100 Clermont-Ferrand;21/07/2021
113;82_4_PLURI'ELLES_Bouygues;4;Appartement;;361000;300833.33;3666.91;4400.29;SO;False;False;False;1;Clermont-Ferrand;63;nov-23;36 RUE DES CHANDIOTS 63100 Clermont-Ferrand;21/07/2021
114;87_4_PLURI'ELLES_Bouygues;4;Appartement;;373000;310833.33;3561.74;4274.09;NE;False;False;False;1;Clermont-Ferrand;63;nov-23;36 RUE DES CHANDIOTS 63100 Clermont-Ferrand;21/07/2021
115;38_1_GardenCity-Inten'City_Bouygues;1;Appartement;;125000;104166.67;2709.15;3250.98;N;False;False;False;0;Clermont-Ferrand;63;fevrier 2024;RUE CHAMPFLEURI 63100 Clermont-Ferrand;21/07/2021
116;42_4_GardenCity-Inten'City_Bouygues;2;Appartement;;172500;143750;3347.69;4017.23;N;False;True;False;1;Clermont-Ferrand;63;fevrier 2024;RUE CHAMPFLEURI 63100 Clermont-Ferrand;21/07/2021
117;45_1_GardenCity-Inten'City_Bouygues;2;Appartement;;179500;149583.33;3282.5;3938.99;O;True;False;False;1;Clermont-Ferrand;63;fevrier 2024;RUE CHAMPFLEURI 63100 Clermont-Ferrand;21/07/2021
118;45_2_GardenCity-Inten'City_Bouygues;2;Appartement;;179500;149583.33;3277.46;3932.95;O;False;True;False;1;Clermont-Ferrand;63;fevrier 2024;RUE CHAMPFLEURI 63100 Clermont-Ferrand;21/07/2021
119;45_2__1_GardenCity-Inten'City_Bouygues;2;Appartement;;179500;149583.33;3267.44;3920.93;O;False;True;False;1;Clermont-Ferrand;63;fevrier 2024;RUE CHAMPFLEURI 63100 Clermont-Ferrand;21/07/2021
120;47_1_GardenCity-Inten'City_Bouygues;2;Appartement;;181500;151250;3152.36;3782.83;O;False;True;False;1;Clermont-Ferrand;63;fevrier 2024;RUE CHAMPFLEURI 63100 Clermont-Ferrand;21/07/2021
121;45_3_GardenCity-Inten'City_Bouygues;2;Appartement;;193500;161250;3549.42;4259.3;O;False;True;False;1;Clermont-Ferrand;63;fevrier 2024;RUE CHAMPFLEURI 63100 Clermont-Ferrand;21/07/2021
122;45_3__1_GardenCity-Inten'City_Bouygues;2;Appartement;;194500;162083.33;3551.34;4261.61;O;False;True;False;1;Clermont-Ferrand;63;fevrier 2024;RUE CHAMPFLEURI 63100 Clermont-Ferrand;21/07/2021
123;67_1_GardenCity-Inten'City_Bouygues;3;Appartement;;236500;197083.33;2905.55;3486.66;E;False;True;False;1;Clermont-Ferrand;63;fevrier 2024;RUE CHAMPFLEURI 63100 Clermont-Ferrand;21/07/2021
124;69_1_GardenCity-Inten'City_Bouygues;3;Appartement;;239500;199583.33;2869.23;3443.07;E;False;True;False;1;Clermont-Ferrand;63;fevrier 2024;RUE CHAMPFLEURI 63100 Clermont-Ferrand;21/07/2021
125;62_4_GardenCity-Inten'City_Bouygues;3;Appartement;;251500;209583.33;3345.84;4015.01;O;False;True;False;1;Clermont-Ferrand;63;fevrier 2024;RUE CHAMPFLEURI 63100 Clermont-Ferrand;21/07/2021
126;67_2_GardenCity-Inten'City_Bouygues;3;Appartement;;262500;218750;3224.97;3869.97;E;False;True;False;1;Clermont-Ferrand;63;fevrier 2024;RUE CHAMPFLEURI 63100 Clermont-Ferrand;21/07/2021
127;78_1_GardenCity-Inten'City_Bouygues;4;Appartement;;263500;219583.33;2796.88;3356.26;S;False;True;False;1;Clermont-Ferrand;63;fevrier 2024;RUE CHAMPFLEURI 63100 Clermont-Ferrand;21/07/2021
128;69_2_GardenCity-Inten'City_Bouygues;3;Appartement;;265500;221250;3180.71;3816.85;O;False;True;False;1;Clermont-Ferrand;63;fevrier 2024;RUE CHAMPFLEURI 63100 Clermont-Ferrand;21/07/2021
129;67_4_GardenCity-Inten'City_Bouygues;3;Appartement;;274500;228750;3406.05;4087.25;N;False;True;False;1;Clermont-Ferrand;63;fevrier 2024;RUE CHAMPFLEURI 63100 Clermont-Ferrand;21/07/2021
130;67_3_GardenCity-Inten'City_Bouygues;3;Appartement;;;;;;E;False;True;False;1;Clermont-Ferrand;63;fevrier 2024;RUE CHAMPFLEURI 63100 Clermont-Ferrand;21/07/2021
131;69_3_GardenCity-Inten'City_Bouygues;3;Appartement;;277500;231250;3348.05;4017.66;E;False;True;False;1;Clermont-Ferrand;63;fevrier 2024;RUE CHAMPFLEURI 63100 Clermont-Ferrand;21/07/2021
132;76_2_GardenCity-Inten'City_Bouygues;4;Appartement;;285500;237916.67;3128.84;3754.6;S;False;True;False;1;Clermont-Ferrand;63;fevrier 2024;RUE CHAMPFLEURI 63100 Clermont-Ferrand;21/07/2021
133;76_3_GardenCity-Inten'City_Bouygues;4;Appartement;;289500;241250;3172.67;3807.21;S;False;True;False;1;Clermont-Ferrand;63;fevrier 2024;RUE CHAMPFLEURI 63100 Clermont-Ferrand;21/07/2021
134;78_2_GardenCity-Inten'City_Bouygues;4;Appartement;;292500;243750;3104.7;3725.64;S;False;True;False;1;Clermont-Ferrand;63;fevrier 2024;RUE CHAMPFLEURI 63100 Clermont-Ferrand;21/07/2021
135;80_4_GardenCity-Inten'City_Bouygues;4;Appartement;;312500;260416.67;3220.19;3864.23;S;False;True;False;1;Clermont-Ferrand;63;fevrier 2024;RUE CHAMPFLEURI 63100 Clermont-Ferrand;21/07/2021
136;78_3_GardenCity-Inten'City_Bouygues;4;Appartement;;315500;262916.67;3348.83;4018.6;S;False;True;False;1;Clermont-Ferrand;63;fevrier 2024;RUE CHAMPFLEURI 63100 Clermont-Ferrand;21/07/2021
137;25_1_CtSud_Bouygues;1;Appartement;;86000;71666.67;2801.67;3362;E;True;False;False;0;Clermont-Ferrand;63;nov-23;88 RUE DE LA GANTIERE 63000 Clermont-Ferrand;21/07/2021
138;38_4_CtSud_Bouygues;2;Appartement;;123000;102500;2659.57;3191.49;O;False;True;False;0;Clermont-Ferrand;63;nov-23;88 RUE DE LA GANTIERE 63000 Clermont-Ferrand;21/07/2021
139;38_5_CtSud_Bouygues;2;Appartement;;125500;104583.33;2713.63;3256.36;O;False;True;False;0;Clermont-Ferrand;63;nov-23;88 RUE DE LA GANTIERE 63000 Clermont-Ferrand;21/07/2021
140;40_4_CtSud_Bouygues;2;Appartement;;130000;108333.33;2667.65;3201.18;O;False;True;False;0;Clermont-Ferrand;63;nov-23;88 RUE DE LA GANTIERE 63000 Clermont-Ferrand;21/07/2021
141;61_4_CtSud_Bouygues;3;Appartement;;194000;161666.67;2627.87;3153.45;S;False;True;False;1;Clermont-Ferrand;63;nov-23;88 RUE DE LA GANTIERE 63000 Clermont-Ferrand;21/07/2021
142;64_5_CtSud_Bouygues;3;Appartement;;201000;167500;2602.14;3122.57;E;False;True;False;1;Clermont-Ferrand;63;nov-23;88 RUE DE LA GANTIERE 63000 Clermont-Ferrand;21/07/2021
143;61_5_CtSud_Bouygues;3;Appartement;;203000;169166.67;2749.78;3299.74;S;False;True;False;1;Clermont-Ferrand;63;nov-23;88 RUE DE LA GANTIERE 63000 Clermont-Ferrand;21/07/2021
144;60_5_CtSud_Bouygues;3;Appartement;;209000;174166.67;2895.54;3474.65;S;False;True;False;1;Clermont-Ferrand;63;nov-23;88 RUE DE LA GANTIERE 63000 Clermont-Ferrand;21/07/2021
145;103_6_CtSud_Bouygues;5;Appartement;;399000;332500;3206.36;3847.64;Traversant;False;True;False;1;Clermont-Ferrand;63;nov-23;88 RUE DE LA GANTIERE 63000 Clermont-Ferrand;21/07/2021
146;105_6_CtSud_Bouygues;5;Appartement;;430000;358333.33;3401.36;4081.63;SO;False;True;False;1;Clermont-Ferrand;63;nov-23;88 RUE DE LA GANTIERE 63000 Clermont-Ferrand;21/07/2021
147;96_1_L'Emblmatique-HTELDIEU_Bouygues;4;Appartement;;399500;332916.67;3453.85;4144.62;E;False;False;False;1;Clermont-Ferrand;63;mai-22;Avenue Vercingétorix 63000 Clermont-Ferrand;21/07/2021
148;88_5_L'Emblmatique-HTELDIEU_Bouygues;4;Appartement;;453500;377916.67;4266.39;5119.67;SE;False;False;False;1;Clermont-Ferrand;63;mai-22;Avenue Vercingétorix 63000 Clermont-Ferrand;21/07/2021
149;96_2_L'Emblmatique-HTELDIEU_Bouygues;4;Appartement;;458500;382083.33;3963.93;4756.72;E;False;False;False;1;Clermont-Ferrand;63;mai-22;Avenue Vercingétorix 63000 Clermont-Ferrand;21/07/2021
150;96_4_L'Emblmatique-HTELDIEU_Bouygues;4;Appartement;;475500;396250;4110.9;4933.08;E;False;False;False;1;Clermont-Ferrand;63;mai-22;Avenue Vercingétorix 63000 Clermont-Ferrand;21/07/2021
151;128_4_L'Emblmatique-HTELDIEU_Bouygues;4;Appartement;;619000;515833.33;3999.64;4799.57;SO;False;False;False;1;Clermont-Ferrand;63;mai-22;Avenue Vercingétorix 63000 Clermont-Ferrand;21/07/2021
152;128_4__1_L'Emblmatique-HTELDIEU_Bouygues;4;Appartement;;651500;542916.67;4209.64;5051.56;SO;False;False;False;1;Clermont-Ferrand;63;mai-22;Avenue Vercingétorix 63000 Clermont-Ferrand;21/07/2021
153;128_5_L'Emblmatique-HTELDIEU_Bouygues;4;Appartement;;671500;559583.33;4338.86;5206.64;SO;False;False;False;1;Clermont-Ferrand;63;mai-22;Avenue Vercingétorix 63000 Clermont-Ferrand;21/07/2021
154;128_6_L'Emblmatique-HTELDIEU_Bouygues;4;Appartement;;701500;584583.33;4532.71;5439.25;SO;False;False;False;1;Clermont-Ferrand;63;mai-22;Avenue Vercingétorix 63000 Clermont-Ferrand;21/07/2021
155;67_1_LESTERRASSESDELHTEL-DIEU_Bouygues;3;Appartement;;299000;249166.67;3718.91;4462.69;S;False;True;False;1;Clermont-Ferrand;63;nov-23;BOULEVARD CHARLES DE GAULLE 63000 Clermont-Ferrand;21/07/2021
156;100_LESTERRASSESDELHTEL-DIEU_Bouygues;4;Maison;;444000;370000;3670.63;4404.76;S;True;False;False;1;Clermont-Ferrand;63;nov-23;BOULEVARD CHARLES DE GAULLE 63000 Clermont-Ferrand;21/07/2021
157;96_LESTERRASSESDELHTEL-DIEU_Bouygues;4;Maison;;469000;390833.33;4037.53;4845.04;SO;False;True;False;1;Clermont-Ferrand;63;nov-23;BOULEVARD CHARLES DE GAULLE 63000 Clermont-Ferrand;21/07/2021
158;81_0_PRISMELot3-BtimentsCDetE_Bouygues;4;Appartement;200010;227499.5261;189582.94;2337.93;2805.52;NE;False;False;False;1;Clermont-Ferrand;63;nov-22;131 BOULEVARD LAFAYETTE 63000 Clermont-Ferrand;21/07/2021
159;84_2_PRISMELot3-BtimentsCDetE_Bouygues;4;Appartement;205373;233599.6209;194666.35;2315.25;2778.3;NO;False;True;False;1;Clermont-Ferrand;63;nov-22;131 BOULEVARD LAFAYETTE 63000 Clermont-Ferrand;21/07/2021
160;83_5_PRISMELot3-BtimentsCDetE_Bouygues;4;Appartement;229638;261199.6209;217666.35;2603.04;3123.65;NO;False;True;False;1;Clermont-Ferrand;63;nov-22;131 BOULEVARD LAFAYETTE 63000 Clermont-Ferrand;21/07/2021
161;78_3_PRISMELot3-BtimentsCDetE_Bouygues;4;Appartement;;242600;202166.67;2576.68;3092.02;E;False;False;False;1;Clermont-Ferrand;63;nov-22;131 BOULEVARD LAFAYETTE 63000 Clermont-Ferrand;21/07/2021
162;89_6_PRISMELot3-BtimentsCDetE_Bouygues;4;Appartement;;347200;289333.33;3222.69;3867.23;Traversant;False;False;False;1;Clermont-Ferrand;63;nov-22;131 BOULEVARD LAFAYETTE 63000 Clermont-Ferrand;21/07/2021
163;85_3_Plein'R_Bouygues;4;Appartement;;339000;282500;3318.45;3982.14;E;True;False;False;1;Clermont-Ferrand;63;aout 2021;Rue Jean Monnet 63000 Clermont-Ferrand;21/07/2021
164;78_SCENEDULEMAN_Bouygues;3;Maison;;396000;330000;4215.64;5058.76;Vue privilégiée;True;False;False;1;Neuvecelle;74;mai-22;631 AVENUE DE MILLY 74500 Neuvecelle;21/07/2021
165;78__1_SCENEDULEMAN_Bouygues;3;Maison;;412500;343750;4391.29;5269.55;Vue privilégiée;True;False;False;1;Neuvecelle;74;mai-22;631 AVENUE DE MILLY 74500 Neuvecelle;21/07/2021
166;78__2_SCENEDULEMAN_Bouygues;3;Maison;;415000;345833.33;4417.9;5301.48;Vue privilégiée;True;False;False;1;Neuvecelle;74;mai-22;631 AVENUE DE MILLY 74500 Neuvecelle;21/07/2021
167;78__3_SCENEDULEMAN_Bouygues;3;Maison;;416000;346666.67;4428.55;5314.26;Vue privilégiée;True;False;False;1;Neuvecelle;74;mai-22;631 AVENUE DE MILLY 74500 Neuvecelle;21/07/2021
168;78__4_SCENEDULEMAN_Bouygues;3;Maison;;418000;348333.33;4449.84;5339.81;Vue privilégiée;True;False;False;1;Neuvecelle;74;mai-22;631 AVENUE DE MILLY 74500 Neuvecelle;21/07/2021
169;78__5_SCENEDULEMAN_Bouygues;3;Maison;;419500;349583.33;4465.81;5358.97;Vue privilégiée;True;False;False;1;Neuvecelle;74;mai-22;631 AVENUE DE MILLY 74500 Neuvecelle;21/07/2021
170;78__6_SCENEDULEMAN_Bouygues;3;Maison;;429500;357916.67;4572.26;5486.71;Vue privilégiée;True;False;False;1;Neuvecelle;74;mai-22;631 AVENUE DE MILLY 74500 Neuvecelle;21/07/2021
171;87_SCENEDULEMAN_Bouygues;4;Appartement;;495000;412500;4695.5;5634.6;Vue privilégiée;False;False;False;1;Neuvecelle;74;mai-22;631 AVENUE DE MILLY 74500 Neuvecelle;21/07/2021
172;87__1_SCENEDULEMAN_Bouygues;4;Appartement;;499000;415833.33;4733.45;5680.14;Vue privilégiée;False;False;False;1;Neuvecelle;74;mai-22;631 AVENUE DE MILLY 74500 Neuvecelle;21/07/2021
173;87__2_SCENEDULEMAN_Bouygues;4;Appartement;;506000;421666.67;4799.85;5759.82;Vue privilégiée;False;False;False;1;Neuvecelle;74;mai-22;631 AVENUE DE MILLY 74500 Neuvecelle;21/07/2021
174;41_TERRESDELAYA_Bouygues;2;Maison;;193000;160833.33;3903.72;4684.47;E;True;False;False;1;LaMotte-Servolex;73;aout 2024;CHEMIN DE LA FONTAINE DE JANON 73290 La Motte-Servolex;21/07/2021
175;41_1_TERRESDELAYA_Bouygues;2;Appartement;;193000;160833.33;3903.72;4684.47;E;False;True;False;1;LaMotte-Servolex;73;aout 2024;CHEMIN DE LA FONTAINE DE JANON 73290 La Motte-Servolex;21/07/2021
176;41_2_TERRESDELAYA_Bouygues;2;Appartement;;198000;165000;4004.85;4805.83;S;False;True;False;1;LaMotte-Servolex;73;aout 2024;CHEMIN DE LA FONTAINE DE JANON 73290 La Motte-Servolex;21/07/2021
177;41_4_TERRESDELAYA_Bouygues;2;Appartement;;208000;173333.33;4207.12;5048.54;E;False;True;False;1;LaMotte-Servolex;73;aout 2024;CHEMIN DE LA FONTAINE DE JANON 73290 La Motte-Servolex;21/07/2021
178;41_5_TERRESDELAYA_Bouygues;2;Appartement;;212000;176666.67;4288.03;5145.63;S;False;True;False;1;LaMotte-Servolex;73;aout 2024;CHEMIN DE LA FONTAINE DE JANON 73290 La Motte-Servolex;21/07/2021
179;49_TERRESDELAYA_Bouygues;2;Maison;;228000;190000;3815.26;4578.31;E;True;False;False;1;LaMotte-Servolex;73;aout 2024;CHEMIN DE LA FONTAINE DE JANON 73290 La Motte-Servolex;21/07/2021
180;43_6_TERRESDELAYA_Bouygues;2;Appartement;;234000;195000;4498.27;5397.92;E;False;True;False;1;LaMotte-Servolex;73;aout 2024;CHEMIN DE LA FONTAINE DE JANON 73290 La Motte-Servolex;21/07/2021
181;48_6_TERRESDELAYA_Bouygues;2;Appartement;;263000;219166.67;4565.97;5479.17;S;False;True;False;1;LaMotte-Servolex;73;aout 2024;CHEMIN DE LA FONTAINE DE JANON 73290 La Motte-Servolex;21/07/2021
182;69_TERRESDELAYA_Bouygues;3;Maison;;293000;244166.67;3495.59;4194.7;S;True;False;False;1;LaMotte-Servolex;73;aout 2024;CHEMIN DE LA FONTAINE DE JANON 73290 La Motte-Servolex;21/07/2021
183;69_1_TERRESDELAYA_Bouygues;3;Appartement;;293000;244166.67;3495.59;4194.7;S;False;True;False;1;LaMotte-Servolex;73;aout 2024;CHEMIN DE LA FONTAINE DE JANON 73290 La Motte-Servolex;21/07/2021
184;65_2_TERRESDELAYA_Bouygues;3;Appartement;;293000;244166.67;3705.11;4446.13;E;False;True;False;1;LaMotte-Servolex;73;aout 2024;CHEMIN DE LA FONTAINE DE JANON 73290 La Motte-Servolex;21/07/2021
185;66_TERRESDELAYA_Bouygues;3;Maison;;295000;245833.33;3705.1;4446.12;E;True;False;False;1;LaMotte-Servolex;73;aout 2024;CHEMIN DE LA FONTAINE DE JANON 73290 La Motte-Servolex;21/07/2021
186;69_1__1_TERRESDELAYA_Bouygues;3;Appartement;;307000;255833.33;3678.41;4414.09;E;False;True;False;1;LaMotte-Servolex;73;aout 2024;CHEMIN DE LA FONTAINE DE JANON 73290 La Motte-Servolex;21/07/2021
187;65_5_TERRESDELAYA_Bouygues;3;Appartement;;309000;257500;3907.44;4688.92;E;False;True;False;1;LaMotte-Servolex;73;aout 2024;CHEMIN DE LA FONTAINE DE JANON 73290 La Motte-Servolex;21/07/2021
188;69_2_TERRESDELAYA_Bouygues;3;Appartement;;314000;261666.67;3792.27;4550.72;E;False;True;False;1;LaMotte-Servolex;73;aout 2024;CHEMIN DE LA FONTAINE DE JANON 73290 La Motte-Servolex;21/07/2021
189;70_2_TERRESDELAYA_Bouygues;3;Appartement;;318000;265000;3753.54;4504.25;O;False;True;False;1;LaMotte-Servolex;73;aout 2024;CHEMIN DE LA FONTAINE DE JANON 73290 La Motte-Servolex;21/07/2021
190;68_1_TERRESDELAYA_Bouygues;3;Appartement;;320000;266666.67;3887.27;4664.72;E;False;True;False;1;LaMotte-Servolex;73;aout 2024;CHEMIN DE LA FONTAINE DE JANON 73290 La Motte-Servolex;21/07/2021
191;69_3_TERRESDELAYA_Bouygues;3;Appartement;;322000;268333.33;3858.14;4629.76;E;False;True;False;1;LaMotte-Servolex;73;aout 2024;CHEMIN DE LA FONTAINE DE JANON 73290 La Motte-Servolex;21/07/2021
192;70_3_TERRESDELAYA_Bouygues;3;Appartement;;326000;271666.67;3847.97;4617.56;O;False;True;False;1;LaMotte-Servolex;73;aout 2024;CHEMIN DE LA FONTAINE DE JANON 73290 La Motte-Servolex;21/07/2021
193;69_4_TERRESDELAYA_Bouygues;3;Appartement;;330000;275000;3953.99;4744.79;E;False;True;False;1;LaMotte-Servolex;73;aout 2024;CHEMIN DE LA FONTAINE DE JANON 73290 La Motte-Servolex;21/07/2021
194;69_3__1_TERRESDELAYA_Bouygues;3;Appartement;;336000;280000;4052.1;4862.52;SE;False;True;False;1;LaMotte-Servolex;73;aout 2024;CHEMIN DE LA FONTAINE DE JANON 73290 La Motte-Servolex;21/07/2021
195;70_5_TERRESDELAYA_Bouygues;3;Appartement;;341000;284166.67;4025.02;4830.03;O;True;False;False;1;LaMotte-Servolex;73;aout 2024;CHEMIN DE LA FONTAINE DE JANON 73290 La Motte-Servolex;21/07/2021
196;69_4__1_TERRESDELAYA_Bouygues;3;Appartement;;344000;286666.67;4148.58;4978.29;S;False;True;False;1;LaMotte-Servolex;73;aout 2024;CHEMIN DE LA FONTAINE DE JANON 73290 La Motte-Servolex;21/07/2021
197;69_4__2_TERRESDELAYA_Bouygues;3;Appartement;;345000;287500;4115.96;4939.16;S;False;True;False;1;LaMotte-Servolex;73;aout 2024;CHEMIN DE LA FONTAINE DE JANON 73290 La Motte-Servolex;21/07/2021
198;68_6_TERRESDELAYA_Bouygues;3;Appartement;;348000;290000;4218.18;5061.82;E;False;True;False;1;LaMotte-Servolex;73;aout 2024;CHEMIN DE LA FONTAINE DE JANON 73290 La Motte-Servolex;21/07/2021
199;70_6_TERRESDELAYA_Bouygues;3;Appartement;;348000;290000;4107.65;4929.18;O;False;True;False;1;LaMotte-Servolex;73;aout 2024;CHEMIN DE LA FONTAINE DE JANON 73290 La Motte-Servolex;21/07/2021
200;69_5_TERRESDELAYA_Bouygues;3;Appartement;;366000;305000;4413.89;5296.67;S;False;True;False;1;LaMotte-Servolex;73;aout 2024;CHEMIN DE LA FONTAINE DE JANON 73290 La Motte-Servolex;21/07/2021
201;92_7_TERRESDELAYA_Bouygues;4;Appartement;;439000;365833.33;3942.17;4730.6;E;True;False;False;1;LaMotte-Servolex;73;aout 2024;CHEMIN DE LA FONTAINE DE JANON 73290 La Motte-Servolex;21/07/2021
202;116_7_TERRESDELAYA_Bouygues;5;Appartement;;591000;492500;4216.61;5059.93;S;True;False;False;1;LaMotte-Servolex;73;aout 2024;CHEMIN DE LA FONTAINE DE JANON 73290 La Motte-Servolex;21/07/2021
203;65_2_VillaVerdana_Bouygues;3;Appartement;;308000;256666.67;3904.86;4685.84;Vue privilégiée;False;True;False;1;Claix;38;nov-22;rue du coteau 38640 Claix;21/07/2021
204;75_VillaVerdana_Bouygues;3;Appartement;;314500;262083.33;3460.76;4152.91;O;False;False;False;1;Claix;38;nov-22;rue du coteau 38640 Claix;21/07/2021
205;80_1_VillaVerdana_Bouygues;4;Appartement;;335000;279166.67;3482.62;4179.14;Traversant;False;True;False;1;Claix;38;nov-22;rue du coteau 38640 Claix;21/07/2021
206;80_2_VillaVerdana_Bouygues;4;Appartement;;350000;291666.67;3638.56;4366.27;Traversant;False;True;False;1;Claix;38;nov-22;rue du coteau 38640 Claix;21/07/2021
207;81_VillaVerdana_Bouygues;4;Appartement;;355000;295833.33;3610.81;4332.97;Traversant;False;False;False;1;Claix;38;nov-22;rue du coteau 38640 Claix;21/07/2021
208;43_4_LUZ_Bouygues;2;Appartement;;192000;160000;3657.98;4389.57;O;False;True;False;0;Saint-Fons;69;nov-22;48-50 AVENUE JEAN JAURES 69190 ST FONS 69190 Saint-Fons;21/07/2021
209;44_1_LUZ_Bouygues;2;Appartement;;196000;163333.33;3631.24;4357.49;E;False;True;False;1;Saint-Fons;69;nov-22;48-50 AVENUE JEAN JAURES 69190 ST FONS 69190 Saint-Fons;21/07/2021
210;63_4_LUZ_Bouygues;3;Appartement;227704;258999.8104;215833.18;3389.34;4067.21;S;False;True;False;1;Saint-Fons;69;nov-22;48-50 AVENUE JEAN JAURES 69190 ST FONS 69190 Saint-Fons;21/07/2021
211;83_3_LUZ_Bouygues;4;Appartement;261992;298000.3791;248333.65;2980.48;3576.58;E;False;False;False;1;Saint-Fons;69;nov-22;48-50 AVENUE JEAN JAURES 69190 ST FONS 69190 Saint-Fons;21/07/2021
212;83_4_LUZ_Bouygues;4;Appartement;275179;312999.8104;260833.18;3130.5;3756.6;E;False;False;False;1;Saint-Fons;69;nov-22;48-50 AVENUE JEAN JAURES 69190 ST FONS 69190 Saint-Fons;21/07/2021
213;64_L'ARC_Bouygues;3;Appartement;;339000;282500;4403.74;5284.49;O;False;False;False;1;LaTour-de-Salvagny;69;nov-23;8 RUE DE LA MAIRIE 69890 La Tour-de-Salvagny;21/07/2021
214;64_1_L'ARC_Bouygues;3;Appartement;;360000;300000;4676.54;5611.85;O;False;False;False;1;LaTour-de-Salvagny;69;nov-23;8 RUE DE LA MAIRIE 69890 La Tour-de-Salvagny;21/07/2021
215;66_1_L'ARC_Bouygues;3;Appartement;;363000;302500;4577.78;5493.34;SO;False;False;False;1;LaTour-de-Salvagny;69;nov-23;8 RUE DE LA MAIRIE 69890 La Tour-de-Salvagny;21/07/2021
216;65_L'ARC_Bouygues;3;Appartement;;364000;303333.33;4600.84;5521.01;SO;False;False;False;1;LaTour-de-Salvagny;69;nov-23;8 RUE DE LA MAIRIE 69890 La Tour-de-Salvagny;21/07/2021
217;66_L'ARC_Bouygues;3;Appartement;;366000;305000;4610.73;5532.88;SO;False;False;False;1;LaTour-de-Salvagny;69;nov-23;8 RUE DE LA MAIRIE 69890 La Tour-de-Salvagny;21/07/2021
218;64_2_L'ARC_Bouygues;3;Appartement;;369000;307500;4793.45;5752.14;O;False;False;False;1;LaTour-de-Salvagny;69;nov-23;8 RUE DE LA MAIRIE 69890 La Tour-de-Salvagny;21/07/2021
219;66_2_L'ARC_Bouygues;3;Appartement;;374000;311666.67;4716.51;5659.81;SO;False;False;False;1;LaTour-de-Salvagny;69;nov-23;8 RUE DE LA MAIRIE 69890 La Tour-de-Salvagny;21/07/2021
220;67_3_L'ARC_Bouygues;3;Appartement;;411000;342500;5095.97;6115.16;Vue privilégiée;False;False;False;1;LaTour-de-Salvagny;69;nov-23;8 RUE DE LA MAIRIE 69890 La Tour-de-Salvagny;21/07/2021
221;93_1_L'ARC_Bouygues;4;Appartement;;490000;408333.33;4368.14;5241.76;SO;False;False;False;1;LaTour-de-Salvagny;69;nov-23;8 RUE DE LA MAIRIE 69890 La Tour-de-Salvagny;21/07/2021
222;93_2_L'ARC_Bouygues;4;Appartement;;499000;415833.33;4448.37;5338.04;SO;False;False;False;1;LaTour-de-Salvagny;69;nov-23;8 RUE DE LA MAIRIE 69890 La Tour-de-Salvagny;21/07/2021
223;61_1_OnlyOneMontChat_Bouygues;3;Appartement;;378000;315000;5159.71;6191.65;S / O;False;True;False;0;Lyon;69;fevrier 2023;rue Cyrano / Impasse Morel 69003 Lyon;21/07/2021
224;61_2_OnlyOneMontChat_Bouygues;3;Appartement;;424000;353333.33;5787.61;6945.13;S / O;False;True;False;1;Lyon;69;fevrier 2023;rue Cyrano / Impasse Morel 69003 Lyon;21/07/2021
225;68_2_OnlyOneMontChat_Bouygues;3;Appartement;;429000;357500;5198.49;6238.19;S / Traversant;False;True;False;0;Lyon;69;fevrier 2023;rue Cyrano / Impasse Morel 69003 Lyon;21/07/2021
226;69_OnlyOneMontChat_Bouygues;3;Appartement;;441000;367500;5319.15;6382.98;S / E;False;False;False;1;Lyon;69;fevrier 2023;rue Cyrano / Impasse Morel 69003 Lyon;21/07/2021
227;64_2_OnlyOneMontChat_Bouygues;3;Appartement;;444000;370000;5756.07;6907.28;N;False;True;False;1;Lyon;69;fevrier 2023;rue Cyrano / Impasse Morel 69003 Lyon;21/07/2021
228;69_1_OnlyOneMontChat_Bouygues;3;Appartement;;449000;374166.67;5410.94;6493.13;S / E;False;True;False;1;Lyon;69;fevrier 2023;rue Cyrano / Impasse Morel 69003 Lyon;21/07/2021
229;103_1_OnlyOneMontChat_Bouygues;5;Appartement;;590000;491666.67;4752.24;5702.69;S / E;True;False;False;1;Lyon;69;fevrier 2023;rue Cyrano / Impasse Morel 69003 Lyon;21/07/2021
230;76_3_OnlyOneMontChat_Bouygues;3;Appartement;;635000;529166.67;6939.89;8327.87;S / Vue privilégiée;True;False;False;1;Lyon;69;fevrier 2023;rue Cyrano / Impasse Morel 69003 Lyon;21/07/2021
231;78_3_OnlyOneMontChat_Bouygues;4;Appartement;;704000;586666.67;7482.99;8979.59;S / SO;True;False;False;1;Lyon;69;fevrier 2023;rue Cyrano / Impasse Morel 69003 Lyon;21/07/2021
232;48_1_Nature&Sens_Bouygues;2;Appartement;;251000;209166.67;4350.39;5220.47;E;False;False;False;1;Orliénas;69;mai-23;RUE ALEXANDRE LUIGINI 69530 Orliénas;21/07/2021
233;66_1_Nature&Sens_Bouygues;3;Appartement;;319500;266250;4004.36;4805.23;Traversant;False;False;False;1;Orliénas;69;mai-23;RUE ALEXANDRE LUIGINI 69530 Orliénas;21/07/2021
234;66_2_Nature&Sens_Bouygues;3;Appartement;;329000;274166.67;4123.43;4948.11;Traversant;False;False;False;1;Orliénas;69;mai-23;RUE ALEXANDRE LUIGINI 69530 Orliénas;21/07/2021
235;86_Nature&Sens_Bouygues;4;Appartement;;347000;289166.67;3361.23;4033.48;E;False;False;False;1;Orliénas;69;mai-23;RUE ALEXANDRE LUIGINI 69530 Orliénas;21/07/2021
236;89_Nature&Sens_Bouygues;4;Appartement;;363000;302500;3375.36;4050.44;SO;False;False;False;1;Orliénas;69;mai-23;RUE ALEXANDRE LUIGINI 69530 Orliénas;21/07/2021
237;105_1_Nature&Sens_Bouygues;5;Appartement;;424000;353333.33;3351.67;4022.01;E;False;False;False;1;Orliénas;69;mai-23;RUE ALEXANDRE LUIGINI 69530 Orliénas;21/07/2021
238;123_Nature&Sens_Bouygues;5;Appartement;;542000;451666.67;3672.09;4406.5;O;False;False;False;0;Orliénas;69;mai-23;RUE ALEXANDRE LUIGINI 69530 Orliénas;21/07/2021
239;123__1_Nature&Sens_Bouygues;5;Appartement;;548000;456666.67;3712.74;4455.28;O;False;False;False;0;Orliénas;69;mai-23;RUE ALEXANDRE LUIGINI 69530 Orliénas;21/07/2021
240;123__2_Nature&Sens_Bouygues;5;Appartement;;562000;468333.33;3807.59;4569.11;E;False;False;False;1;Orliénas;69;mai-23;RUE ALEXANDRE LUIGINI 69530 Orliénas;21/07/2021
241;123__3_Nature&Sens_Bouygues;5;Appartement;;566000;471666.67;3834.69;4601.63;O;False;False;False;1;Orliénas;69;mai-23;RUE ALEXANDRE LUIGINI 69530 Orliénas;21/07/2021
242;49_1_l'Apart_Bouygues;2;Appartement;;182562;152135;3101.63;3721.96;SE;False;True;False;1;Vienne;38;nov-22;8 montée Bon Accueil 38200 Vienne;21/07/2021
243;46_1_l'Apart_Bouygues;2;Appartement;;182562;152135;3298.68;3958.41;NO;False;True;False;1;Vienne;38;nov-22;8 montée Bon Accueil 38200 Vienne;21/07/2021
244;60_0_l'Apart_Bouygues;3;Appartement;196700;223734.5972;186445.5;3078.69;3694.43;SE;False;True;False;1;Vienne;38;nov-22;8 montée Bon Accueil 38200 Vienne;21/07/2021
245;63_1_l'Apart_Bouygues;3;Appartement;201400;229080.5687;190900.47;2993.11;3591.73;E;False;True;False;1;Vienne;38;nov-22;8 montée Bon Accueil 38200 Vienne;21/07/2021
246;63_2_l'Apart_Bouygues;3;Appartement;201400;229080.5687;190900.47;2993.58;3592.29;E;False;True;False;1;Vienne;38;nov-22;8 montée Bon Accueil 38200 Vienne;21/07/2021
247;91_1_l'Apart_Bouygues;4;Appartement;282300;321099.5261;267582.94;2925.36;3510.44;Traversant;False;True;False;1;Vienne;38;nov-22;8 montée Bon Accueil 38200 Vienne;21/07/2021
248;84_#PurCottage_Bouygues;4;Maison;;325000;270833.33;3191.53;3829.84;O;True;False;False;1;Vaulx-en-Velin;69;nov-22;70 RUE FRANKLIN 69120 Vaulx-en-Velin;21/07/2021
249;80_#PurCottage_Bouygues;4;Maison;;330000;275000;3395.48;4074.58;O;True;False;False;1;Vaulx-en-Velin;69;nov-22;70 RUE FRANKLIN 69120 Vaulx-en-Velin;21/07/2021
250;85_#PurCottage_Bouygues;4;Maison;;340000;283333.33;3329.03;3994.83;E;True;False;False;1;Vaulx-en-Velin;69;nov-22;70 RUE FRANKLIN 69120 Vaulx-en-Velin;21/07/2021
251;85__1_#PurCottage_Bouygues;4;Maison;;340000;283333.33;3314.62;3977.54;E;True;False;False;1;Vaulx-en-Velin;69;nov-22;70 RUE FRANKLIN 69120 Vaulx-en-Velin;21/07/2021
252;88_#PurCottage_Bouygues;4;Maison;;340000;283333.33;3203.32;3843.98;O;True;False;False;1;Vaulx-en-Velin;69;nov-22;70 RUE FRANKLIN 69120 Vaulx-en-Velin;21/07/2021
253;84__1_#PurCottage_Bouygues;4;Maison;;340000;283333.33;3343.96;4012.75;O;True;False;False;1;Vaulx-en-Velin;69;nov-22;70 RUE FRANKLIN 69120 Vaulx-en-Velin;21/07/2021
254;88__1_#PurCottage_Bouygues;4;Maison;;355000;295833.33;3334.46;4001.35;E;True;False;False;1;Vaulx-en-Velin;69;nov-22;70 RUE FRANKLIN 69120 Vaulx-en-Velin;21/07/2021
255;89_#PurCottage_Bouygues;4;Maison;;355000;295833.33;3295.09;3954.11;E;True;False;False;1;Vaulx-en-Velin;69;nov-22;70 RUE FRANKLIN 69120 Vaulx-en-Velin;21/07/2021
256;94_#PurCottage_Bouygues;4;Maison;;355000;295833.33;3123.24;3747.89;O;True;False;False;1;Vaulx-en-Velin;69;nov-22;70 RUE FRANKLIN 69120 Vaulx-en-Velin;21/07/2021
257;95_#PurCottage_Bouygues;4;Maison;;370000;308333.33;3243.22;3891.87;S;True;False;False;1;Vaulx-en-Velin;69;nov-22;70 RUE FRANKLIN 69120 Vaulx-en-Velin;21/07/2021
258;44_1_LEQUADRANT_Bouygues;2;Appartement;;213840;178200;3984.79;4781.75;NO;False;False;False;1;Brignais;69;fevrier 2023;26 RUE PAUL BOVIER LAPIERRE 69530 Brignais;21/07/2021
259;49_LEQUADRANT_Bouygues;2;Appartement;;254734;212278.33;4269.48;5123.37;SE;False;False;False;1;Brignais;69;fevrier 2023;26 RUE PAUL BOVIER LAPIERRE 69530 Brignais;21/07/2021
260;48_LEQUADRANT_Bouygues;2;Appartement;;261252;217710;4529.96;5435.96;NO;False;False;False;1;Brignais;69;fevrier 2023;26 RUE PAUL BOVIER LAPIERRE 69530 Brignais;21/07/2021
261;55_LEQUADRANT_Bouygues;2;Appartement;;271620;226350;4090.91;4909.09;NE;False;False;False;1;Brignais;69;fevrier 2023;26 RUE PAUL BOVIER LAPIERRE 69530 Brignais;21/07/2021
262;61_3_LEQUADRANT_Bouygues;3;Appartement;;284437;237030.83;3856.67;4628;O;False;False;False;1;Brignais;69;fevrier 2023;26 RUE PAUL BOVIER LAPIERRE 69530 Brignais;21/07/2021
263;80_1_LEQUADRANT_Bouygues;4;Appartement;289964;329816.872;274847.39;3397.37;4076.85;SO;False;False;False;1;Brignais;69;fevrier 2023;26 RUE PAUL BOVIER LAPIERRE 69530 Brignais;21/07/2021
264;87_2_LEQUADRANT_Bouygues;4;Appartement;310821;353540.4739;294617.06;3364.36;4037.23;SO;False;False;False;1;Brignais;69;fevrier 2023;26 RUE PAUL BOVIER LAPIERRE 69530 Brignais;21/07/2021
265;87_1_LEQUADRANT_Bouygues;4;Appartement;313700;356815.1659;297345.97;3395.52;4074.63;SO;False;False;False;1;Brignais;69;fevrier 2023;26 RUE PAUL BOVIER LAPIERRE 69530 Brignais;21/07/2021
266;98_1_LEQUADRANT_Bouygues;5;Appartement;349239;397238.673;331032.23;3359.37;4031.24;SE;False;False;False;1;Brignais;69;fevrier 2023;26 RUE PAUL BOVIER LAPIERRE 69530 Brignais;21/07/2021
267;106_2_LEQUADRANT_Bouygues;5;Appartement;379183;431298.1991;359415.17;3372.26;4046.71;SO;False;False;False;1;Brignais;69;fevrier 2023;26 RUE PAUL BOVIER LAPIERRE 69530 Brignais;21/07/2021
268;48_COLL'LODGES_Bouygues;2;Appartement;;294000;245000;5034.94;6041.92;O;False;False;False;1;Collonges-au-Mont-d'Or;69;fevrier 2024;rue des grand violets 69660 Collonges-au-Mont-d'Or;21/07/2021
269;45_COLL'LODGES_Bouygues;2;Appartement;;297000;247500;5432.4;6518.88;N;False;False;False;1;Collonges-au-Mont-d'Or;69;fevrier 2024;rue des grand violets 69660 Collonges-au-Mont-d'Or;21/07/2021
270;48__1_COLL'LODGES_Bouygues;2;Appartement;;322000;268333.33;5498.63;6598.36;O;False;False;False;1;Collonges-au-Mont-d'Or;69;fevrier 2024;rue des grand violets 69660 Collonges-au-Mont-d'Or;21/07/2021
271;47_COLL'LODGES_Bouygues;2;Appartement;;336000;280000;5834.55;7001.46;S;False;False;False;1;Collonges-au-Mont-d'Or;69;fevrier 2024;rue des grand violets 69660 Collonges-au-Mont-d'Or;21/07/2021
272;60_1_COLL'LODGES_Bouygues;3;Appartement;;349000;290833.33;4829.51;5795.42;E;False;False;False;1;Collonges-au-Mont-d'Or;69;fevrier 2024;rue des grand violets 69660 Collonges-au-Mont-d'Or;21/07/2021
273;65_COLL'LODGES_Bouygues;3;Appartement;;420000;350000;5330.49;6396.59;SO;False;False;False;1;Collonges-au-Mont-d'Or;69;fevrier 2024;rue des grand violets 69660 Collonges-au-Mont-d'Or;21/07/2021
274;65__1_COLL'LODGES_Bouygues;3;Appartement;;435000;362500;5537.73;6645.28;SO;False;False;False;1;Collonges-au-Mont-d'Or;69;fevrier 2024;rue des grand violets 69660 Collonges-au-Mont-d'Or;21/07/2021
275;94_1_COLL'LODGES_Bouygues;4;Appartement;;499000;415833.33;4392.91;5271.5;NO;False;False;False;1;Collonges-au-Mont-d'Or;69;fevrier 2024;rue des grand violets 69660 Collonges-au-Mont-d'Or;21/07/2021
276;88_COLL'LODGES_Bouygues;4;Appartement;;504000;420000;4769.48;5723.37;SE;False;False;False;1;Collonges-au-Mont-d'Or;69;fevrier 2024;rue des grand violets 69660 Collonges-au-Mont-d'Or;21/07/2021
277;102_1_COLL'LODGES_Bouygues;4;Appartement;;543000;452500;4397.9;5277.48;O;False;False;False;1;Collonges-au-Mont-d'Or;69;fevrier 2024;rue des grand violets 69660 Collonges-au-Mont-d'Or;21/07/2021
278;89_1_COLL'LODGES_Bouygues;4;Appartement;;546000;455000;5106.62;6127.95;SO;False;False;False;1;Collonges-au-Mont-d'Or;69;fevrier 2024;rue des grand violets 69660 Collonges-au-Mont-d'Or;21/07/2021
279;86_1_COLL'LODGES_Bouygues;4;Appartement;;553000;460833.33;5353.55;6424.26;SE;False;False;False;1;Collonges-au-Mont-d'Or;69;fevrier 2024;rue des grand violets 69660 Collonges-au-Mont-d'Or;21/07/2021
280;99_1_COLL'LODGES_Bouygues;4;Appartement;;559000;465833.33;4663;5595.6;NE;False;False;False;1;Collonges-au-Mont-d'Or;69;fevrier 2024;rue des grand violets 69660 Collonges-au-Mont-d'Or;21/07/2021
281;94_1__1_COLL'LODGES_Bouygues;4;Appartement;;586000;488333.33;5156.63;6187.96;SE;False;False;False;1;Collonges-au-Mont-d'Or;69;fevrier 2024;rue des grand violets 69660 Collonges-au-Mont-d'Or;21/07/2021
282;95_1_COLL'LODGES_Bouygues;4;Appartement;;589000;490833.33;5127.8;6153.36;O;False;False;False;1;Collonges-au-Mont-d'Or;69;fevrier 2024;rue des grand violets 69660 Collonges-au-Mont-d'Or;21/07/2021
283;90_1_COLL'LODGES_Bouygues;4;Appartement;;599000;499166.67;5532.16;6638.59;S;False;False;False;1;Collonges-au-Mont-d'Or;69;fevrier 2024;rue des grand violets 69660 Collonges-au-Mont-d'Or;21/07/2021
284;101_1_COLL'LODGES_Bouygues;4;Appartement;;624000;520000;5130.23;6156.27;O;False;False;False;1;Collonges-au-Mont-d'Or;69;fevrier 2024;rue des grand violets 69660 Collonges-au-Mont-d'Or;21/07/2021
285;102_1__1_COLL'LODGES_Bouygues;4;Appartement;;649000;540833.33;5287.77;6345.33;SO;False;False;False;1;Collonges-au-Mont-d'Or;69;fevrier 2024;rue des grand violets 69660 Collonges-au-Mont-d'Or;21/07/2021
286;42_1_NEO_Bouygues;2;Appartement;;279000;232500;5444.96;6533.96;E / S;False;False;False;1;Lyon;69;fevrier 2023;53-55-57-59 rue Hugues Guérin 69008 Lyon;21/07/2021
287;42_2_NEO_Bouygues;2;Appartement;;284000;236666.67;5542.54;6651.05;E / S;False;False;False;1;Lyon;69;fevrier 2023;53-55-57-59 rue Hugues Guérin 69008 Lyon;21/07/2021
288;65_NEO_Bouygues;3;Appartement;;312700;260583.33;3959.03;4750.84;E / N;False;False;False;0;Lyon;69;fevrier 2023;53-55-57-59 rue Hugues Guérin 69008 Lyon;21/07/2021
289;65_1_NEO_Bouygues;3;Appartement;;350700;292250;4440.14;5328.17;E / N;True;False;False;1;Lyon;69;fevrier 2023;53-55-57-59 rue Hugues Guérin 69008 Lyon;21/07/2021
290;65_2_NEO_Bouygues;3;Appartement;;360700;300583.33;4566.75;5480.1;E / N;False;False;False;1;Lyon;69;fevrier 2023;53-55-57-59 rue Hugues Guérin 69008 Lyon;21/07/2021
291;65_3_NEO_Bouygues;3;Appartement;;370700;308916.67;4693.36;5632.03;E / N;False;False;False;1;Lyon;69;fevrier 2023;53-55-57-59 rue Hugues Guérin 69008 Lyon;21/07/2021
292;63_NEO_Bouygues;3;Maison;;390500;325416.67;5116.61;6139.94;O / E;True;False;False;1;Lyon;69;fevrier 2023;53-55-57-59 rue Hugues Guérin 69008 Lyon;21/07/2021
293;69_5_NEO_Bouygues;3;Appartement;;431500;359583.33;5206.82;6248.19;E;True;False;False;1;Lyon;69;fevrier 2023;53-55-57-59 rue Hugues Guérin 69008 Lyon;21/07/2021
294;94_5_NEO_Bouygues;4;Appartement;;526700;438916.67;4646.1;5575.31;E;True;False;False;1;Lyon;69;fevrier 2023;53-55-57-59 rue Hugues Guérin 69008 Lyon;21/07/2021
295;99_4_NEO_Bouygues;4;Appartement;;538800;449000;4497.65;5397.18;S / E;True;False;False;1;Lyon;69;fevrier 2023;53-55-57-59 rue Hugues Guérin 69008 Lyon;21/07/2021
296;112_4_NEO_Bouygues;5;Appartement;;617500;514583.33;4565.15;5478.18;O / S;True;False;False;1;Lyon;69;fevrier 2023;53-55-57-59 rue Hugues Guérin 69008 Lyon;21/07/2021
297;120_3_NEO_Bouygues;5;Appartement;;643000;535833.33;4450.44;5340.53;O / N;True;False;False;1;Lyon;69;fevrier 2023;53-55-57-59 rue Hugues Guérin 69008 Lyon;21/07/2021
298;44_1_InspiR'_Bouygues;2;Appartement;;170000;141666.67;3216.04;3859.25;NO;False;True;False;1;Domène;38;fevrier 2024;83 rue des brassières 38420 Domène;21/07/2021
299;46_2_InspiR'_Bouygues;2;Appartement;;180000;150000;3208.56;3850.27;NE;False;True;False;1;Domène;38;fevrier 2024;83 rue des brassières 38420 Domène;21/07/2021
300;63_1_InspiR'_Bouygues;3;Appartement;;227000;189166.67;2976.66;3571.99;SO;False;True;False;0;Domène;38;fevrier 2024;83 rue des brassières 38420 Domène;21/07/2021
301;63_InspiR'_Bouygues;3;Appartement;;243500;202916.67;3196.54;3835.85;SO;False;False;False;1;Domène;38;fevrier 2024;83 rue des brassières 38420 Domène;21/07/2021
302;67_1_InspiR'_Bouygues;3;Appartement;;245500;204583.33;3032.21;3638.65;SE;False;True;False;1;Domène;38;fevrier 2024;83 rue des brassières 38420 Domène;21/07/2021
303;67_InspiR'_Bouygues;3;Appartement;;246500;205416.67;3044.56;3653.48;SE;False;False;False;1;Domène;38;fevrier 2024;83 rue des brassières 38420 Domène;21/07/2021
304;63_2_InspiR'_Bouygues;3;Appartement;;247000;205833.33;3238.92;3886.7;SO;False;False;False;1;Domène;38;fevrier 2024;83 rue des brassières 38420 Domène;21/07/2021
305;63_2__1_InspiR'_Bouygues;3;Appartement;;262000;218333.33;3431.3;4117.55;SE;False;False;False;1;Domène;38;fevrier 2024;83 rue des brassières 38420 Domène;21/07/2021
306;63_2__2_InspiR'_Bouygues;3;Appartement;;273500;227916.67;3583.6;4300.31;SE;True;False;False;1;Domène;38;fevrier 2024;83 rue des brassières 38420 Domène;21/07/2021
307;82_1_InspiR'_Bouygues;4;Appartement;;282000;235000;2841.6;3409.92;SO;False;True;False;0;Domène;38;fevrier 2024;83 rue des brassières 38420 Domène;21/07/2021
308;82_2_InspiR'_Bouygues;4;Appartement;;310000;258333.33;3123.74;3748.49;SO;False;False;False;1;Domène;38;fevrier 2024;83 rue des brassières 38420 Domène;21/07/2021
309;89_1_InspiR'_Bouygues;4;Appartement;;312000;260000;2907.63;3489.15;SE;False;False;False;1;Domène;38;fevrier 2024;83 rue des brassières 38420 Domène;21/07/2021
310;89_InspiR'_Bouygues;4;Appartement;;327000;272500;3048.1;3657.72;SE;False;False;False;1;Domène;38;fevrier 2024;83 rue des brassières 38420 Domène;21/07/2021
311;66_PREAMBULE_Bouygues;3;Appartement;;254000;211666.67;3182;3818.4;S;False;True;False;1;Vénissieux;69;mai-23;103 AVENUE JULES GUESDE 69200 Vénissieux;21/07/2021
312;67_1_PREAMBULE_Bouygues;3;Appartement;;261000;217500;3216.03;3859.23;S;True;False;False;1;Vénissieux;69;mai-23;103 AVENUE JULES GUESDE 69200 Vénissieux;21/07/2021
313;64_1_PREAMBULE_Bouygues;3;Appartement;;268000;223333.33;3445.44;4134.53;O;False;True;False;1;Vénissieux;69;mai-23;103 AVENUE JULES GUESDE 69200 Vénissieux;21/07/2021
314;62_2_PREAMBULE_Bouygues;3;Appartement;;269000;224166.67;3596.45;4315.74;E;True;False;False;1;Vénissieux;69;mai-23;103 AVENUE JULES GUESDE 69200 Vénissieux;21/07/2021
